file,rhythmic_entropy,melodic_range,hnr,spectral_centroid,spectral_bandwidth,zero_crossing_rate,rms_energy
H22N.mp3,-5183.229556981708,3963.3438,1.7989889,1838.8347553391527,1592.1599478484763,0.10190745491293532,0.19889525
H340N.mp3,-5999.334159691512,3949.6143,2.6802118,1473.1034547129202,1800.0268557269487,0.056573993869936036,0.16639811
H267N.mp3,-4963.294607038722,3820.675,-8.396623,1044.1706137389765,1416.85303847514,0.04633327503109453,0.17101742
H414N.mp3,-4403.909222124201,4001.6401,2.0791638,2580.264498125866,1996.8560469666913,0.1657008623178749,0.24617708
H76N.mp3,-4216.9913213301115,3969.2798,1.1540741,1409.2777890620232,1707.2592051547242,0.07532441031449894,0.14676774
H82N.mp3,-7016.951567275496,3970.3755,0.90626943,1496.2465092406721,1690.4682573138643,0.07008553771321961,0.122241706
H206N.mp3,-5311.992332803088,3991.961,5.7474723,1632.7940565874546,1657.4235352746198,0.08741796042110875,0.2962136
H109N.mp3,-5204.727118689918,3999.3086,-6.4898105,1269.420337197378,1523.4145368252848,0.05838969216417911,0.14396217
H401N.mp3,-4780.360793110431,3801.1853,-8.4159565,1114.3031314181835,1530.365758233785,0.03392253298240938,0.2516395
H96N.mp3,-5256.286304411654,3945.2651,-11.269024,1470.937223966896,1889.33098724664,0.056468841617803835,0.103378154
H61N.mp3,-4924.158469281626,3610.5986,-15.876934,1138.492821867776,961.8049531998676,0.07440441486762615,0.13060693
H21N.mp3,-4454.946945717305,3211.0945,3.8823185,914.635764576309,1400.9289098922975,0.031050800684079602,0.30578727
H409N.mp3,-5258.020052439022,3998.5293,1.2258247,2097.259747878473,1984.0282270499017,0.11370220604566453,0.1967124
H149N.mp3,-4234.274190128399,3940.0571,3.2730834,1446.8717150749294,1684.5993102379011,0.058272046575159914,0.16061059
H1N.mp3,-4737.289097089169,3999.544,260.2904,2178.858943466045,2076.286119833645,0.10242419320806681,0.26970172
H223N.mp3,-5441.728404480482,3995.6987,4.1165757,2209.5900452364417,1908.9158505143926,0.12543622567963753,0.17117399
H296N.mp3,-6100.741525171951,1223.4668,11.84147,443.8259903117386,624.3255465566958,0.01675842328535892,0.24685654
H390N.mp3,-4504.563339164624,3998.2173,9.148653,2311.42543248325,1835.2986205069299,0.15126446450781805,0.13656905
H251N.mp3,-5098.717445724302,3973.5242,5.930633,1231.601735627447,1155.4091499821004,0.07201749344793888,0.08168714
H36N.mp3,-4393.968293706058,4000.4133,-1.3146508,2111.468890746412,2161.4143040598196,0.11571606254442075,0.11483756
H11N.mp3,-5618.050325098156,3936.1487,-7.7664285,1260.1986845306467,1479.8602649840846,0.05233042377398721,0.081046596
H155N.mp3,-4599.673468266984,3088.776,94.44634,1012.4057341865132,1480.6793985123702,0.03548662935323383,0.085943036
H25N.mp3,-5489.695169110355,3336.8516,3.2932103,844.7530899845498,1200.791475006146,0.03090157471570718,0.24410988
H143N.mp3,-4483.865555150756,3959.3462,11.690399,1967.1268043151224,2101.6282400999567,0.06923390858208955,0.26091042
H230N.mp3,-4685.180917944945,3990.6094,-26.630901,1156.2343951730284,1457.6704737219882,0.045485463308457715,0.11496938
H165N.mp3,-5800.333488900453,3829.8308,2.7613156,1574.0831531261438,1898.347862883951,0.06421852789623313,0.13215025
H17N.mp3,-4828.958725023354,4001.9233,-26.292929,2850.170156626132,1556.167739492923,0.2081282343861052,0.24098146
H350N.mp3,-6916.5547932319705,3964.0942,0.23908015,1428.4505061526827,1666.368896382906,0.05970912735429993,0.089385055
H408N.mp3,-5116.322862021782,3912.9016,-42.61545,1432.5271504646098,1543.6918333486453,0.05758734230632551,0.26604217
H145N.mp3,-5207.439801340144,3999.283,1.4139434,1513.9938940257468,1723.492770580085,0.0694174912269012,0.1616925
H185N.mp3,-4798.953829011538,3996.3474,4.8430133,1882.0834218541686,2027.3571659938025,0.06848604355454868,0.26933432
H360N.mp3,-4069.86390758589,3996.8242,0.9369743,2105.579851803756,2090.8743461406298,0.11099219305259417,0.1578306
H365N.mp3,-4365.5126143965535,3974.5098,0.97639734,1955.2431837813929,2100.449591597952,0.0865350979477612,0.13583773
H286N.mp3,-5929.001725818787,3985.6116,-1.8921789,1425.5546947483326,1711.0735002942204,0.054224552460909736,0.24550712
H293N.mp3,-6672.051865575561,4000.1575,-4.5429254,2627.873583649162,2274.7513385152392,0.1367975274298152,0.12455017
H10N.mp3,-6754.729654781489,3983.388,8.324206,915.2412544394557,1235.5381042528004,0.041005560923063254,0.16476138
H64N.mp3,-5291.456698366608,4000.2014,0.013315877,1418.1218678243956,1557.2663744349204,0.07088094682835822,0.10443113
H306N.mp3,-7640.094885307006,2217.246,0.44022545,648.2246849303654,831.8183302159606,0.03433689532249467,0.11226536
H173N.mp3,-4723.735572130303,3988.0479,-46.777443,1841.9101281718854,1292.6931553205284,0.12195856654228855,0.16413702
H186N.mp3,-4812.855487925126,3539.3762,1.6726941,1369.9025820690615,1273.2115289771366,0.08697722325870647,0.20578799
H257N.mp3,-4717.033573627323,3879.009,2.0650313,1820.173079974441,2028.3252771645264,0.06866060323383084,0.31809804
H272N.mp3,-5314.88469372838,3997.023,4.5492115,1408.8101256536438,1503.69675431457,0.07736394756130063,0.19307302
H137N.mp3,-5799.189353903743,3914.0068,46.213863,1047.9534642006363,1394.1913229908173,0.044165681081201134,0.1570299
H374N.mp3,-5286.33711514796,3924.4883,16.78884,1277.8776068559982,1556.4133640409254,0.0523345882196162,0.18838283
H112N.mp3,-4362.821590604564,3955.4128,-4.0748878,1540.467847884876,1784.5742727135628,0.06895870813343995,0.14651448
H162N.mp3,-5384.164627497861,3958.978,27.807781,1471.151624391148,1840.1042069110724,0.0400355921286425,0.3181849
H70N.mp3,-5571.60276655612,3998.2861,24.5816,1822.0882856562594,1708.1996426375085,0.09784191486762615,0.08607905
H131N.mp3,-6147.891307537054,3842.5347,-2.4054086,1416.8946604561484,1766.3983303027333,0.05158776430348259,0.104277916
H209N.mp3,-4477.395505286343,3998.9124,-0.63857585,2442.178356924827,2086.739883594252,0.1255871868336887,0.15256146
H439N.mp3,-5502.940902885055,3999.9927,-3.7537808,1182.1804212660008,1472.3487963762796,0.04839363450604122,0.097395904
H423N.mp3,-5948.757599520556,3999.9983,14.138167,2251.527527471513,1965.1225422992945,0.1298206928527008,0.24796912
H192N.mp3,-5436.875371148526,3088.8333,-245.40323,1224.9699779669793,1563.9856924102176,0.034380622001599144,0.26498476
H110N.mp3,-6407.516297394921,3845.025,-11.195753,1552.4177449847798,1906.9863468346057,0.043394217528429285,0.17250513
H295N.mp3,-4930.288409312036,4000.7134,13.3554125,1064.9688908850408,1424.2733394079492,0.04547435812011372,0.13149607
H140N.mp3,-5362.158322008759,4000.6597,2.0749066,1856.6071388881794,1789.893219326479,0.09539426194918266,0.19792217
H39N.mp3,-6262.871204399892,3741.6223,22.11074,1871.7603141244372,1559.3510828078508,0.11528296019900497,0.27422085
H259N.mp3,-4241.6912936890385,4001.7273,-8.562906,2328.145738871264,2117.8601031221747,0.12573745391346838,0.2537592
H175N.mp3,-5575.597666615125,3994.5227,0.85952395,1064.451742668793,1318.9647577917408,0.05451155217217484,0.12949774
H125N.mp3,-4921.854714057572,4000.8792,-59.19553,1840.7746154703332,1883.484776886339,0.0841849624644634,0.1524372
H138N.mp3,-4713.0815240206275,3999.2517,-1.4925923,2443.2547907892763,2069.258201071759,0.1490101112739872,0.066217534
H376N.mp3,-6346.731016480893,3938.553,-0.48971638,1034.5459607989633,1415.215825170671,0.03888169365227434,0.12292513
H84N.mp3,-8088.972994936474,2412.7463,112.44808,488.4159708167096,524.484845634832,0.031002909559346127,0.13632879
H93N.mp3,-4672.537907080524,3951.0928,-127.49866,1133.3265300181954,1048.2451373342424,0.0725581773054371,0.15579465
H244N.mp3,-5126.394023623307,1358.3044,-190.22034,492.52770505412917,912.2638256687455,0.019599963352878464,0.27400458
H277N.mp3,-5889.515640852527,4000.8535,-9.020353,2040.4453833852467,1774.6311053637694,0.12989981731965175,0.1049036
H60N.mp3,-6050.1531893886895,4000.232,-2.3360467,1714.420797218008,1673.389411184604,0.09500627443141435,0.16068487
H285N.mp3,-5127.722826505208,3961.7344,-26.221546,1584.1817102547147,1767.3025966258958,0.06430528718017058,0.24568485
H47N.mp3,-4577.391012420463,4000.0752,-0.19724649,1822.3519932209474,1886.6653046837366,0.08724478889036959,0.32809108
H14N.mp3,-5297.691460441426,3969.812,-6.8548265,1270.6140316663088,1427.0786507197301,0.04887775131041223,0.11198889
H252N.mp3,-7186.19037416896,4001.3298,-123.58688,1038.6600705378069,1081.7172751045287,0.058157177283226724,0.15639812
H451N.mp3,-5960.054763439844,3642.4307,9.685641,1313.1023405200174,1480.1861090800355,0.055804612539978676,0.16942082
H305N.mp3,-5129.490205969743,4000.4639,-2.4555604,2526.876396302166,2165.675241892507,0.13985770089285715,0.18280023
H284N.mp3,-4531.53677740867,3990.1743,20.988684,1602.901030302409,1686.1702709587228,0.08752172452469793,0.15406534
H157N.mp3,-5220.982923577532,3972.6155,0.30844316,1223.7163725190007,1454.3789737219722,0.049764431192253024,0.13499238
H15N.mp3,-6684.69130735193,3997.3235,-15.890092,2114.0700215591346,1639.2249718834953,0.13531498478589196,0.15759857
H264N.mp3,-4965.358729794392,3988.9504,1.3278087,2065.6180257883952,2083.8517303959934,0.09570486018567875,0.12464483
H297N.mp3,-4685.759849040573,3981.4697,19.121847,855.1934931350173,1126.4246118008216,0.05014304870735608,0.31474265
H136N.mp3,-5393.8184584294795,4001.7424,-1.2084357,2496.8961818242933,1848.2033845567407,0.17283594582889125,0.05876881
H5N.mp3,-5224.351432424096,2989.109,0.291944,1333.7674164682608,1001.3483952022493,0.08343432113983654,0.04870175
H111N.mp3,-4596.426546804021,3288.0874,-0.1214196,743.0889532789338,989.9102458523364,0.03204992059790334,0.24844278
H92N.mp3,-5767.4470930596435,3993.7026,18.447117,1433.5272691423015,1746.8593445654467,0.0494173940565032,0.32752952
H289N.mp3,-3999.668108379188,3878.7021,0.4342184,1251.6459897326001,1607.4321718038912,0.05258410792022033,0.13760291
H424N.mp3,-3818.9801043777734,3968.636,1.1375153,2194.076640315585,2371.907423368276,0.09018384639303482,0.223839
H447N.mp3,-4429.327761265739,2930.542,3.2389545,970.9694661793341,1463.6693515660775,0.03358868325781805,0.22436944
H446N.mp3,-5800.751434983915,3761.729,-4.1324944,635.9596439424931,603.541263612192,0.03733633728678038,0.13155343
H99N.mp3,-5477.853545267039,3987.0852,3.4705994,564.4925813399647,927.5072079963179,0.015353616959843639,0.132779
H371N.mp3,-4624.251304290676,3986.0635,598.82416,1814.4253887051923,1784.5727859416684,0.11742799673507463,0.24542288
H176N.mp3,-4660.835984300478,3798.1245,-0.5802594,1073.5694293435286,1359.5113562871054,0.04491007573738451,0.2523862
H341N.mp3,-5427.024306251805,3809.431,4.7299337,1108.5267513151305,1244.4215117310434,0.0555665450648543,0.16196398
H288N.mp3,-6475.416227721974,2155.8774,-24.424511,816.1082069402163,1044.6328005283501,0.036400031094527364,0.0916786
H411N.mp3,-4599.3559556407545,3995.0906,12.853612,1087.199120339602,1450.1599049614922,0.03276099968905473,0.27560583
H85N.mp3,-5875.3090132472325,3961.2275,-6.4328394,1438.118464087747,1688.1600537862512,0.05242273565209666,0.21364781
H117N.mp3,-4755.684536608971,3939.7385,9.988736,822.0234407563115,1270.6852108201217,0.028551786269545132,0.185093
H318N.mp3,-5719.461937724236,4000.341,127.337494,1956.6413611670232,1738.567942040084,0.12198008284470505,0.160903
H83N.mp3,-5720.562300019721,3970.4949,3.1916206,1813.1304291760625,1923.1381401881567,0.0735326575826226,0.2274315
H59N.mp3,-4815.481848338514,3999.0518,2.9958122,2215.9632584332608,2120.4792414141366,0.09573574649076048,0.2300363
H164N.mp3,-4944.941746276527,4001.4875,-6.020977,1965.1235997368617,1961.1044044850219,0.08341592817164178,0.1446548
H30N.mp3,-5285.0636100741785,3926.1821,2.752909,1732.597526778414,1982.9938928860054,0.07934344738361762,0.12756018
H368N.mp3,-4825.441756475435,3358.7314,3.7699776,947.9598542802822,1499.3278191152324,0.01925743769989339,0.4001699
H385N.mp3,-4710.4886674419995,3914.1501,1.3858479,2084.2338546650763,1916.3277062732368,0.10240614727700782,0.26021588
H187N.mp3,-4532.076085828432,4000.642,0.9083011,1858.2953824034655,1643.545449091099,0.10809790334044066,0.11900101
H394N.mp3,-5551.25517934681,3971.2644,8.903968,2307.9746927728543,2092.629039655218,0.13392614216862117,0.27375478
H422N.mp3,-4941.035573209627,3953.4888,7.8575873,1217.1026817935287,1650.8076272817857,0.04143519289712153,0.27046254
H205N.mp3,-5979.967523002984,3339.1536,-51.40331,904.4193070059015,1112.0699295913205,0.0393481115627221,0.2516173
H73N.mp3,-5204.8571606026,4001.636,1.7509598,2150.200859263508,2113.9351150461503,0.1110536186256219,0.20181832
H41N.mp3,-5659.264830851726,4001.8093,0.9627735,2597.2321677898244,2064.6342653101105,0.1569583027940654,0.31187803
H418N.mp3,-4235.519040395696,3979.8418,40.67486,2303.087516244995,2080.0053417936037,0.12550181569829424,0.15401147
H457N.mp3,-4399.686839770862,3903.171,4.462184,1119.2041940307977,1473.63938059533,0.04759024353678038,0.12976797
H460N.mp3,-5431.756900766409,3447.3552,2.196767,788.7470493834745,963.4832128141836,0.03585691797707889,0.1466565
H258N.mp3,-4055.932087838484,3998.74,-10.211003,2289.413579704918,2352.549589976312,0.09108510183457712,0.17807484
H399N.mp3,-5862.030679109185,3961.1113,19.867544,1329.365313448305,1716.6027631521342,0.04953538668265814,0.20091979
H167N.mp3,-6169.595348204457,3138.2588,-2.826369,621.6701547091669,659.2117412350667,0.041267573960554374,0.21528475
H217N.mp3,-4603.720729069818,3962.8425,0.43976942,1748.9997743855167,1964.0520104807374,0.06189476723525231,0.17692006
H204N.mp3,-4910.744139821928,3999.257,-0.8375776,1326.3293383528626,1466.5939361687615,0.06223798696250889,0.12550591
H361N.mp3,-3978.3070425665924,3998.5342,-1.423371,1873.1728881876693,2047.3204885926184,0.06761602145522388,0.29596606
H115N.mp3,-4833.043261039076,4000.1106,-2.5962775,1917.8886548172893,1865.4935546384372,0.0892600335376688,0.19029261
H141N.mp3,-4677.045544838056,3465.5144,4.3789396,1137.2746411848793,1428.7908929153975,0.03912427261016347,0.08086233
H354N.mp3,-5592.6352802725905,3995.6038,6.0633435,1176.4477905148817,1658.5089231641703,0.03655897410270078,0.07279536
H106N.mp3,-4377.996568352282,3966.195,0.5920623,1796.6595944543044,1748.9376722637467,0.09163099124911159,0.2898355
H294N.mp3,-4167.028685546122,2943.15,1.4455564,844.4125040001119,1034.1396868512506,0.040952811278429285,0.21743394
H313N.mp3,-4907.644073810938,4001.8584,52.5113,2334.828052452973,1991.1618823754154,0.1514279189987562,0.17112549
H114N.mp3,-5523.139167674434,4000.9824,6.6687465,2133.1937811417583,1967.6213001959186,0.106448088797086,0.19015412
H142N.mp3,-3903.7583377874807,4001.812,0.44864798,2020.3388070265141,2034.1603323299933,0.10713661047441364,0.15340447
H184N.mp3,-4634.528079252093,3715.3914,-37.717686,1550.7923493208993,2020.5648735123375,0.05886721526297086,0.25630832
H322N.mp3,-5610.237376462581,3822.133,-2.5440533,879.5779974056559,1335.317113929509,0.022139234075159914,0.16113639
H40N.mp3,-4566.252963533027,3999.9746,-5.20789,2050.8171571506077,1952.2431433088025,0.09556431014570008,0.23491898
H161N.mp3,-5405.5033883780525,2378.9414,-10.992119,496.77558133640446,828.6611938306014,0.017954313255152808,0.21873486
H392N.mp3,-6273.105679429261,3335.398,4.847463,1109.5940710039522,1106.8493036926716,0.06540678304904052,0.1065974
H4N.mp3,-5447.724656937735,3984.142,81.9996,1137.0180457630493,1361.8414761796373,0.05552941209132907,0.13850123
H139N.mp3,-6481.849622813139,3824.7417,13.331063,1598.7301427639431,1850.3541112011947,0.059757018479033405,0.19400214
H406N.mp3,-5709.432771562324,3999.018,25.232666,1604.778972439968,1694.3423203710968,0.07870836942519545,0.22185835
H20N.mp3,-7131.101847973645,3834.731,-307.81787,871.6037960170888,1046.907713019359,0.039195068185856434,0.1758833
H436N.mp3,-4740.536718764937,4001.5413,-5.90984,2252.150950516634,2146.5497970413167,0.10353887648809523,0.130565
H198N.mp3,-5001.587397243366,3983.2656,3.3741899,1053.890341498575,1346.710408850003,0.0470721170931059,0.20527604
H347N.mp3,-6233.558125536416,3530.079,19.055752,1009.9720734790542,1387.9576050237847,0.033702511438344,0.14816786
H37N.mp3,-3953.1262364412532,3982.1868,-8.395124,1721.1969847015957,2049.0668447316466,0.06908676483653163,0.15760574
H377N.mp3,-4337.593907320825,3917.8508,7.753017,899.5246247719348,1167.3362538497859,0.03465131096748401,0.1736892
H27N.mp3,-5973.995844249379,3913.6304,3.7458756,1498.2543310037038,1547.527196937207,0.07522029917377399,0.2287345
H94N.mp3,-5097.829067174362,3596.7053,10.583893,1160.5561650018492,1335.8547147312042,0.0485466778829069,0.109805524
H231N.mp3,-3576.4058262995495,1396.1797,15.881143,616.6069765105015,1145.8366308512104,0.016224333133439944,0.25779313
H292N.mp3,-4513.999984239422,3999.1477,1.33866,1668.6201163939945,1793.6657785228754,0.07459667344083155,0.1435042
H38N.mp3,-5192.551689701346,699.69617,157.70798,292.61900465888846,228.23657123004594,0.02515221048773987,0.18864004
H77N.mp3,-4393.060905692456,3946.357,19.234035,694.5282098451532,860.9469824895288,0.04448426117181947,0.22830887
H159N.mp3,-4514.245698430169,3994.8647,-0.15074852,1896.988620817112,2145.5240979436485,0.08100610230099503,0.20607516
H343N.mp3,-3191.6181162998073,3956.3333,-1.1169685,1293.474532988189,1791.9957592959033,0.04604974569118692,0.21863778
H33N.mp3,-8084.458439245209,3998.1528,-126.91769,1547.5501790347046,1140.797433619406,0.11276624689054726,0.010550067
H440N.mp3,-5757.65208455638,3796.9104,-1.7059344,903.2191829528168,1152.5695004318752,0.04959230077292111,0.20163953
H328N.mp3,-5120.824705287213,2503.9028,22.314043,2090.261624974623,2404.857213188481,0.07660220104832978,0.19392021
H67N.mp3,-9676.434741499663,3998.1877,13.902132,1944.0494033743746,1959.0016286788964,0.09677234641524521,0.14177197
H196N.mp3,-4009.7479936041827,3991.0508,3.3057916,1980.9285571092557,2247.3423534003014,0.07506100912846482,0.21885464
H402N.mp3,-5020.979995574729,3793.877,-3.3528898,1240.6581955783806,1429.349088184498,0.06285328380419332,0.17362848
H237N.mp3,-9507.921651640228,1505.1987,211.70346,294.18615989158616,483.74536269981945,0.011215546153162758,0.29071388
H53N.mp3,-6233.975360439869,3993.9634,-26.756899,2001.2981875485707,2014.674163623902,0.0869133684257285,0.26850995
H3N.mp3,-5174.544229324792,3999.7163,-6.5390434,1750.0626686374428,1844.0654673681233,0.08301752953980099,0.29055208
H228N.mp3,-4346.0877381537775,4001.5193,3.4400098,1924.4332703428433,2046.3068792837676,0.08596908037935323,0.29341695
H246N.mp3,-5137.316261159,3985.1245,26.791151,1182.116346827932,1581.6094738795855,0.05044982953535892,0.20260163
H437N.mp3,-5230.517258141277,3985.817,4.624,1962.5799365420003,1834.8662119923913,0.10329421530739161,0.33326766
H438N.mp3,-4497.471491088063,3996.0354,-2.2741044,1884.5194309232406,1792.5884981223546,0.10558396632906894,0.16397692
H461N.mp3,-4991.672535820433,3999.3848,-110.08813,1400.3477591897417,1496.5401648138984,0.07240825726279318,0.20407133
H160N.mp3,-5514.865024817898,3953.9395,-41.485897,1773.6608527842393,1896.4564677823196,0.0775544709488273,0.13630426
H333N.mp3,-7897.211073325294,4001.9001,31.641693,2804.6988664425944,2040.631850720814,0.18429788834843638,0.14338571
H337N.mp3,-4280.804939817139,3984.9841,-61.304073,1960.9072173634077,2217.9731705420463,0.06665334044065388,0.24507824
H216N.mp3,-4958.5737530483875,3999.2136,0.5152106,1358.801626635829,1352.0533579166006,0.07377731876332623,0.12209954
H133N.mp3,-5046.9424931514395,3916.2378,-6.3431983,1894.4469430315485,2135.5224108521006,0.05372308379975124,0.32020873
H453N.mp3,-6084.80023559746,3893.273,0.68874127,1978.6195503642125,1820.877514320844,0.0915098752887349,0.07894655
H346N.mp3,-6168.140269780263,3657.813,6.522498,883.181410499502,1040.840679121874,0.04524114916488984,0.095067516
H331N.mp3,-6434.813738758809,3913.1863,3.8207436,1018.1984220330402,1209.2500645888854,0.053699832311656,0.16678572
H2N.mp3,-4784.769897814522,3070.4268,-17.817415,811.2299179907982,776.6577312975077,0.04646653729122246,0.18285796
H105N.mp3,-5839.942334061761,3778.0388,3.2069733,843.7339533875222,1277.2392588162404,0.020925992248578537,0.43252626
H18N.mp3,-5314.15556500018,3997.2803,2.7019694,1480.010197743556,1607.7336552423335,0.06219078991204691,0.23810047
H153N.mp3,-4403.274973872447,3984.3428,-19.661774,1725.1558531363605,1763.4493049714533,0.09045314721037669,0.11367251
H407N.mp3,-4714.867077134634,3880.558,-2.2419343,1487.4814652462335,1889.3211955739987,0.05206563443941009,0.1673231
H193N.mp3,-7232.633498790237,2620.4658,-1.2064333,802.9666234528513,981.2915220546007,0.04814099147121535,0.11558068
H54N.mp3,-8353.175345041242,3129.8132,-18.434746,1102.8161240079062,1264.5963984322914,0.057565826003909026,0.14847098
H43N.mp3,-5802.2751909366925,4001.0005,36.827023,2803.3958839858374,2267.7885254024272,0.2176800845104833,0.045537796
H148N.mp3,-4691.566320018903,3997.8203,1.588255,2343.835023554713,1984.8583252483795,0.13417809112917556,0.22536522
H219N.mp3,-6365.246433739074,4001.4702,0.61628807,2311.083617339901,2108.2962061247285,0.14123474424751245,0.019784711
H120N.mp3,-3888.7185480410562,3963.8088,0.82219625,1810.2367986251097,1410.3833908896083,0.12324364505597014,0.13219836
H334N.mp3,0.0,3995.4934,-1.7379079,2128.695304493754,1994.0152798523484,0.11809673729566453,0.17647992
H208N.mp3,-4365.473702697977,3807.8464,3.4505131,1240.648075161693,1643.7655396288749,0.03716941242448472,0.21872047
H72N.mp3,-5266.050079619927,3991.9382,17.726686,1130.767430735773,1397.6625301776864,0.05443798029939588,0.13916463
H28N.mp3,-4099.260543371258,4000.518,-108.867,2528.9189132023816,2301.7463580991766,0.11725656039001421,0.24701813
H393N.mp3,-4811.45765255901,4000.4392,-26.748335,1577.3085335261112,1774.8163554612693,0.051929595882196165,0.2862169
H276N.mp3,-4145.4038645184755,3147.3298,38.78114,821.6540750699577,1244.3981661839462,0.01790850435323383,0.26375777
H395N.mp3,-4594.9137931958085,3971.63,0.33342254,2042.9373079635018,2195.5112844984874,0.08720418554548685,0.20005733
H317N.mp3,-7568.950262826645,3893.8704,4.977883,644.4105024931567,857.0448608251983,0.03394370224769012,0.070786975
H191N.mp3,-4791.235964782068,3996.1072,-8.064726,1699.3284556820959,2043.122249104389,0.053155678082800285,0.27021635
H32N.mp3,-4676.064451566148,3993.9495,0.062232453,1582.9737885780437,1492.5420596364356,0.07483022943319119,0.11879417
H23N.mp3,-5120.208294124637,3962.4048,9.1088705,2249.6484477970407,2364.6487006886587,0.08324692108653163,0.24310257
H241N.mp3,-7218.061682934681,3990.707,-3.8676598,1867.313544229384,1878.9208364461786,0.09245069296375266,0.218766
H170N.mp3,-5194.996191663648,3941.965,8.378315,1211.9932871826986,1606.3665945156908,0.042566880996801705,0.21008861
H462N.mp3,-5594.335476026684,3997.3523,8.1568165,1933.1349636860084,1576.1259409839356,0.1076287091329069,0.1692192
H225N.mp3,-5480.062742558525,3899.0332,10.117498,1296.3098226386794,1449.0279291228746,0.06243440998134328,0.13051663
H124N.mp3,-5618.441817685015,3990.5203,-31.20585,2139.0232598670045,1467.9616268863256,0.15971759506041222,0.16134356
H397N.mp3,-4938.756010215367,3078.4097,9.2921095,948.0952146701328,980.1307193988705,0.05581779995113717,0.16387455
H226N.mp3,-4300.763944975555,3908.5842,3.7263596,1050.1307201277898,1165.216175738025,0.051629755796908317,0.28615284
H290N.mp3,-5988.226096541207,2558.553,-83.20659,694.7067745662157,986.7513960103215,0.028621887770966595,0.14600122
H352N.mp3,-7495.834676246842,3975.6077,-15.9777355,1422.4277086328698,1522.8501367373347,0.06841594205312722,0.14155018
H312N.mp3,-5574.944578806531,4000.2505,0.5049488,2427.190733495096,2033.2511210742366,0.13012435034648187,0.34972692
H69N.mp3,-4176.368472908345,3930.7244,-1.0863502,1763.754213153517,1771.2167153472112,0.07387379508706468,0.20195737
H66N.mp3,-5552.035825198547,4000.7847,-79.07285,1761.191681951944,1875.4890865871498,0.07813853444829424,0.24279119
H239N.mp3,-4896.84159985235,2756.0635,28.313707,762.6821470825032,1222.4689314823775,0.026499408648720683,0.14964524
H242N.mp3,-8062.461494183175,4001.3044,5.690399,1819.263718270138,1826.9595449933063,0.08916563943674485,0.3303922
H119N.mp3,-5340.3784888712335,3997.8706,5.5415215,1558.7759981289166,1721.022243815684,0.05753632784737029,0.25727883
H275N.mp3,-8275.288130658302,3896.9917,-3.0791757,1207.6368153330402,1460.7099797942628,0.05485997745646766,0.1318895
H245N.mp3,-5120.2888872613485,1323.4595,-24.060347,1586.1264066833583,1902.3980829639725,0.0334991476767946,0.19111288
H427N.mp3,-8055.242080678765,4000.4517,-3.0685227,2265.15959360457,1726.0754764508013,0.11676584988006397,0.02845171
H426N.mp3,-4452.252998400478,2668.5845,28.795547,1156.0736467153793,1663.3695513854138,0.03464853467039801,0.29969558
H298N.mp3,-4873.444982179284,3991.971,-15.271355,2023.938031648925,2130.2854042298827,0.09519124522476902,0.100741625
H95N.mp3,-9770.041329223835,4000.998,14.648706,2301.1490725755057,2350.877932501883,0.12312044687277897,0.14882733
H256N.mp3,-4873.779506697438,3951.4321,17.161434,959.4211501897115,1239.1561209508448,0.027666494536247335,0.24260347
H441N.mp3,-4709.488397767897,3972.7322,6.829388,1942.3103455324015,1524.4337839667005,0.11689807102878465,0.036620628
H128N.mp3,-8910.000278169084,3819.504,68.59606,701.7620009127179,639.5676641645244,0.03295776974502487,0.05194087
H403N.mp3,-5195.321326109669,4001.6753,-15.266011,2564.072936497075,2359.873562320471,0.09593008728678039,0.3624762
H375N.mp3,-6568.894377925751,3981.0684,-15.086838,1439.105386306698,1514.1471496234412,0.06147242304104478,0.20154195
H221N.mp3,-4462.1458907061115,3950.079,1.6654115,1676.5829313229233,1765.4310904963374,0.07337787902007818,0.24816307
H342N.mp3,-6020.9466461424345,3999.5334,-1.6736674,2142.642348152036,1974.171825223959,0.11547209543798863,0.21016148
H97N.mp3,-5277.381638635064,3746.9673,29.766022,1512.1751999334329,1641.0400408903097,0.05962549140458422,0.30657828
H214N.mp3,-13520.98985903468,4000.0776,-6.5974674,2093.354101214991,1979.7918870555989,0.10734309757018479,0.29379404
H307N.mp3,-5787.346313783949,3951.1064,1.1301581,1964.8871717579125,1967.5065840277452,0.09858006285536602,0.16027899
H7N.mp3,-5487.1771534036025,3526.7832,-0.9619723,1258.5008908470622,1400.4495356767284,0.06253192741648898,0.13989691
H218N.mp3,-5016.650226348985,3952.4817,259.843,1356.0983781416733,1693.7290540250117,0.0401414384550462,0.25250152
H420N.mp3,-4882.220014494684,3993.7373,2.1603673,2037.4639312057727,2035.508316082704,0.09095773920575694,0.13260858
H443N.mp3,-5233.518093255295,4001.912,-1.5977457,3265.961799237671,2332.831976699175,0.2150616893212509,0.68110186
H144N.mp3,-4149.465136347986,3499.9622,5.6257977,924.0405939433958,800.3779442714605,0.061082353300461974,0.17940629
H260N.mp3,-5026.213923020833,3999.661,1.6614912,1294.6162515050094,1718.5297613119549,0.043762423929459844,0.2625172
H134N.mp3,-5345.762933134536,3812.4998,-7.151195,1225.803239951728,1492.0695978795322,0.0581974335909737,0.096897826
H16N.mp3,-4233.868642229408,3995.533,-8.642629,1762.2631400657976,1988.8201646622524,0.07203102789623313,0.26053157
H200N.mp3,-9556.640211052627,3992.3862,5.236816,2005.0621401848525,1950.4982345473077,0.09887504442075337,0.24558799
H212N.mp3,-4859.571842814985,3973.2148,1.9856454,1150.820444793595,1468.4088151092524,0.05794513759328358,0.19266956
H357N.mp3,-6562.618264945237,3995.4478,-11.149523,1119.562610997858,1469.0874729032362,0.04110064909825871,0.12883532
H412N.mp3,-5051.599414430211,4000.0398,2.3908982,1558.1374247358422,1714.2099041425415,0.06292407937988628,0.21186747
H129N.mp3,-4907.2811669444145,3975.0205,-7.4400263,1669.6721040702319,1957.5033963229298,0.046115335709843636,0.2747886
H278N.mp3,-4247.040816375585,3999.9746,1.5448599,1499.9241660868202,1786.9265650243299,0.054200606898543,0.10904732
H349N.mp3,-6956.795348805709,3996.1084,19.87081,1928.2550351778066,1906.6602423717234,0.08424465285181236,0.26645878
H316N.mp3,-6675.499803094955,3923.4258,16.483738,1250.040400424818,1495.4205209501938,0.05076945073738451,0.25079823
H274N.mp3,-5275.1928575826705,4000.6887,1.7765168,2443.7225690503483,2133.8421760036667,0.12951321795042645,0.15989843
H236N.mp3,-7102.3656575462865,4001.7815,3.6925712,1933.5068992229124,1749.3586361440423,0.10178772710110164,0.21002445
H26N.mp3,-6435.302669038496,4001.3235,6.852973,1708.7529593508134,1659.3135883052169,0.09438716018123668,0.23265187
H233N.mp3,-6102.10114952929,3999.1765,8.98168,2309.406252938369,1953.5565284600966,0.10665492292999289,0.20319766
H13N.mp3,-4055.1895072975963,3715.0334,-6.2868614,1000.5785571036761,1384.302823353075,0.03636636849235963,0.23976101
H304N.mp3,-8120.787591855926,3891.7097,-3.2037282,783.2663998322729,1023.9616612502064,0.03846663723791755,0.11485171
H273N.mp3,-6139.149331263221,3180.5122,78.926414,836.8984800141909,1180.2011777504551,0.03842464574449183,0.23148431
H42N.mp3,-4092.859560920778,4001.6426,2.973216,2247.622069370985,2070.2768519356814,0.12534183157871356,0.24132611
H24N.mp3,-4862.225657519726,3996.7727,-2.5130749,1564.4871976240165,1748.677087685048,0.06295045420220327,0.14454368
H194N.mp3,-5482.9329771101,4000.1091,2.9668643,1751.9258018336236,1572.2320188024719,0.10597715940387349,0.1307055
H104N.mp3,-6061.0940768454675,3998.2937,0.20913409,1713.5075975731881,1867.4432964267482,0.06673558824182658,0.24007826
H89N.mp3,-5630.880935064073,4001.1746,9.737214,1572.8681793690298,1742.8426257950182,0.06899028851279318,0.11873138
H6N.mp3,-4420.188208556308,3984.1147,0.72390556,1715.6567780597038,1850.7674412052538,0.0697329479832978,0.17746124
H135N.mp3,-5015.107788719566,746.4733,-17.68041,460.9555747318841,866.3912624812605,0.012317389059168444,0.4093611
H65N.mp3,-5076.474908844932,3999.0955,9.17874,2006.7666964575722,1690.8551607335426,0.1261702092217484,0.078225
H369N.mp3,-4563.002997748436,2243.9578,-5.9544225,590.3739920941865,458.43688931776785,0.042954521477434254,0.08124593
H29N.mp3,-3987.539541996327,3999.4487,5.9088025,1696.6656231273232,2072.588626354789,0.06947371124289269,0.2107304
H132N.mp3,-6265.288069023986,3978.8682,0.8578535,1113.0683038506836,1222.4687534191164,0.058423007729211086,0.12695104
H68N.mp3,-4266.763025241374,4001.8076,41.665,2974.7423723862576,2374.1403174045363,0.16867462353411514,0.22086756
H177N.mp3,-4786.354598645055,4001.639,3.428667,1375.9220393930552,1586.142031262766,0.0538063727123312,0.22085239
H270N.mp3,-6740.450937946574,3992.7908,-3.9023345,1161.5646576659758,1261.4909866847747,0.06028035047974414,0.19360642
H87N.mp3,-4285.901365653902,4001.3323,2.9787488,1053.841477508466,1228.321783850391,0.05092769967128642,0.14495705
H434N.mp3,-7252.042363184418,1112.9651,12.826746,428.77297719915424,642.8889109536698,0.013627107209488273,0.45476136
H410N.mp3,-6853.2180612687025,3947.6577,30.002417,1367.0004472200744,1444.543968612723,0.07369923540778252,0.14179005
H359N.mp3,-5658.148792741197,3707.2495,-1.8272157,1565.933207885676,1950.062692374918,0.06025883417732765,0.2088247
H78N.mp3,-4870.66806126539,3995.716,-2.3151982,1828.3501126875306,2037.402552273094,0.07786784548240938,0.2505474
H299N.mp3,-7371.4950270920635,2764.3113,1.899656,980.9143602176849,923.9571799190666,0.06098067141968728,0.22232704
H220N.mp3,-5254.606837514506,3893.143,7.4671407,1212.8965499068954,1500.951813422108,0.05230474302594172,0.08975889
H381N.mp3,-8452.085527620642,4001.1975,-2.0177348,2228.6859482326904,1818.0630661919413,0.13786536069651742,0.27122816
H34N.mp3,-4239.9232438202,3759.9143,-0.13178097,1258.4246078079861,1570.910942280567,0.04686840629442075,0.25623634
H268N.mp3,-4879.110448510488,4001.0774,-23.686579,1776.1877853368405,2013.358443701839,0.07011572994402986,0.25214902
H121N.mp3,-5300.218340114969,3538.647,13.057304,1147.9759564719536,1192.5616579183654,0.07676704368781094,0.09993262
H126N.mp3,-6110.430932654365,4001.9028,2.7478034,3328.963312706573,2328.658092265822,0.2614671480765814,0.15825984
H63N.mp3,-4688.307278720826,3957.7822,0.61058235,1305.778013777044,1463.693497012105,0.06105736662668799,0.13224432
H429N.mp3,-6383.5863285807245,3939.3423,6.9704275,1742.143889463028,1903.0461044463195,0.07979355454868514,0.12646955
H51N.mp3,-4614.244898950328,3983.4587,11.526938,2040.1202515586608,1933.9068507967565,0.11122470793354655,0.2197096
H122N.mp3,-3963.276449957885,2956.1484,-6.300151,826.3617800446257,1205.5285601920284,0.03371847514658849,0.17370802
H88N.mp3,-4925.119813835106,4000.5398,-2.2631154,1215.9191016907057,1508.217075680979,0.05574041066986496,0.16160773
H229N.mp3,-4651.927922860488,3994.785,2.2963974,1812.6887041208815,1725.5216919328523,0.11216656671997156,0.15913002
H283N.mp3,-7754.980067525011,2180.615,2.0769248,1106.113021778344,1508.5124876183527,0.02552666355721393,0.3591516
H454N.mp3,-5242.362448821238,3999.877,9.635861,1362.6532362602118,1722.512685428574,0.0492154184434968,0.20820649
H314N.mp3,-5215.827315895468,3605.773,20.103964,1040.1152619102652,1191.8866676917748,0.038137646033226724,0.25449377
H383N.mp3,-5637.323434117768,3996.7837,2.0056849,954.8845236659779,1262.541712143708,0.04132344693941009,0.22826064
H363N.mp3,-5017.700383137513,3986.8538,-5.3305235,1611.3445893669866,1862.4194491895428,0.06908502965085288,0.037173983
H103N.mp3,-4270.880067706319,3998.486,7.0576873,2187.605003975619,2071.6820916499905,0.1050620224769012,0.33197114
H279N.mp3,-4500.827419460682,4000.0017,-0.054923248,2183.3619574319046,2083.6927712812985,0.10089375943941009,0.11365279
H180N.mp3,-4536.283872428246,3996.7925,4.95667,2095.8834375966317,1984.2990119772899,0.09442776352611941,0.18124323
H152N.mp3,-5027.116734154639,3901.3225,30.111254,1144.7533286846603,1562.9456752638157,0.04274213475035537,0.1553654
H356N.mp3,-4984.886646285204,3938.0369,-3.1391778,1196.5026366674304,1589.930270112148,0.04660604621979389,0.12874278
H325N.mp3,-4283.182705518953,4000.6177,5.1559043,2169.782608170057,2160.8110638529347,0.10066436789267946,0.26125705
H353N.mp3,-4415.668696237472,4001.597,19.66053,2235.0138861907667,2283.381253517381,0.11491024231520966,0.12012319
H211N.mp3,-5182.747532450625,4000.5356,6.1497436,1666.8678249613115,1726.001927410027,0.08168594804992893,0.11048616
H151N.mp3,-12913.816330609257,4001.0303,10.958882,2016.4072203819828,2052.1567999008216,0.08831053993425729,0.2832203
H449N.mp3,-7024.637769395953,3984.9956,1.4696817,1125.095730236953,1537.949132281893,0.041255080623667374,0.12160669
H224N.mp3,-6592.257573937826,3985.1326,7.1120763,1324.9290378661767,1628.4293084948386,0.053309415533937456,0.30957088
H391N.mp3,-5176.68627799348,4001.2969,3.34756,1897.1220187031188,1951.4374802311602,0.09198531616471216,0.25771546
H261N.mp3,-4763.986050318019,3586.8975,-14.525255,1347.938648486778,1713.833225877442,0.04202932047352523,0.12896594
H355N.mp3,-4946.918969028633,4001.2703,-7.486229,1718.425941581861,1723.3771888269264,0.09010229266613362,0.15749145
H351N.mp3,-7679.242248114981,3972.313,11.655371,1182.7979751014277,1254.1268116403453,0.06309447461353944,0.13812298
H404N.mp3,-4600.8332471743915,3992.0466,0.60041606,1980.0227937807654,1990.6764363824643,0.09219423252043354,0.12683323
H255N.mp3,-4886.743671771769,2894.9185,4.7227526,722.7284484664907,988.9339063970754,0.03173168754442075,0.1306766
H199N.mp3,-6527.222268713414,3998.4077,31.174593,1839.1159355492673,1682.5364146083157,0.09133635672085999,0.15865117
H147N.mp3,-6024.1253771584625,2662.1506,8.119218,519.8377620956015,392.91413016038837,0.0403378614738806,0.17829795
H227N.mp3,-4292.147144758606,3984.0745,2.279193,2131.096796160622,1979.0761609426606,0.10679200259861407,0.20838945
H431N.mp3,-4803.225182322452,3504.208,22.370815,1562.9711055253654,1813.0782089247396,0.05245778640280739,0.24823117
H302N.mp3,-5060.7785100720685,4000.6802,0.44499898,2435.2335252187136,2108.7543755957495,0.13510016879886283,0.2778989
H156N.mp3,-10268.302217428665,3999.57,6.1025,1788.699579574332,1736.7744660226922,0.07707035414445629,0.06415858
H367N.mp3,-5959.25851978442,3993.9648,7.72493,1278.129075383529,1296.619146691931,0.06609009916933191,0.21827954
H269N.mp3,-5679.645948131336,3988.7212,-11.5895405,1168.0047563177231,1108.27970832888,0.0699252065565032,0.09993788
H154N.mp3,-4884.378484240855,3724.0308,-101.04135,1384.2034652957152,1666.1375776158643,0.053500980032871355,0.29530254
H311N.mp3,-5001.9711563243445,3992.967,-3.5740623,1922.4338758663548,2048.5849526559064,0.08256985163468372,0.18311848
H388N.mp3,-4299.553684190856,4001.9375,0.71650517,4205.71366001922,2031.474118568288,0.3597241193585643,0.10110957
H417N.mp3,-6068.632214872768,3996.0857,38.78609,1849.2797849338115,1743.3529271951784,0.09298755941275764,0.16270831
H459N.mp3,-4181.287049383255,4001.8687,2.2641368,3209.5762009135697,2468.361814112386,0.22561335343372424,0.0983946
H188N.mp3,-6570.644273377589,1749.0382,2801.7422,839.1672811388361,1011.1739721032512,0.021106798596304193,0.1219826
H240N.mp3,-7205.80439676837,3983.742,28.307045,1249.219828214038,1469.3281220278848,0.0586940437322317,0.10643872
H319N.mp3,-5303.508993158967,4001.904,3.169906,2170.6954809818885,1939.5422547650176,0.11307163957000711,0.20112444
H321N.mp3,-5116.265636196384,3996.5752,-61.357166,1176.4545096477511,1532.0128853249455,0.05005941275764037,0.22128706
H248N.mp3,-4717.933582358341,3990.0144,-5.153985,1877.662449149166,1964.2815643437277,0.08751651896766169,0.18311703
H263N.mp3,-5114.965130286123,3987.8508,3.2091935,2091.4682073286976,2180.6476704619063,0.086447991626688,0.2553374
H48N.mp3,-5983.494801354532,3982.191,0.43398887,1854.15775095843,1884.2979563117642,0.09417685567697229,0.15837894
H101N.mp3,-5653.722273444168,3961.7615,7.7559686,1612.9711711610823,1650.2708892076791,0.08136840907071784,0.1121338
H171N.mp3,-4933.349448084702,3999.3147,2.245948,2152.39827805232,2258.4337116966235,0.08506157826936744,0.29541823
H430N.mp3,-4418.479881625344,3997.5403,56.73616,1706.8480306552676,1918.9450082562807,0.0786292449582445,0.15860929
H8N.mp3,-5890.959260409015,3757.778,-117.49436,814.7281498971896,1564.1695279677226,0.018252418154761904,0.13472736
H210N.mp3,-4587.8088209762245,3926.6448,10.182907,1253.7579885789764,1419.142831244931,0.058268923240938165,0.1400655
H12N.mp3,-4789.351015910473,4001.0261,4.0677705,1273.147246683087,1736.8155990429273,0.03689039456734186,0.2469338
H387N.mp3,-5352.8990790163725,3961.1672,-246.44807,1218.7592459181224,1639.2352318020933,0.04350596348614073,0.20267038
H74N.mp3,-4030.804566939375,3406.7903,3.780819,885.1853745077682,779.2285663573043,0.04134288101901208,0.49633068
H339N.mp3,-5161.333473344596,4000.5325,-4.135119,1895.3462884917428,1977.1710943505202,0.0945495735607676,0.197922
H327N.mp3,-4043.806426998403,3740.3005,9.190777,1600.4089410970564,2022.8828592626762,0.03687547197050462,0.2440705
H181N.mp3,-5078.167915489645,3975.8706,2.7006683,1647.9526953186605,1767.0800822399863,0.08027767135305615,0.24005161
H415N.mp3,-2414.5794567516377,1750.4785,15.82379,1067.5645505651685,1418.8328214780797,0.042954868514570005,0.31525666
H458N.mp3,-4795.186117180762,2661.2756,-1.5189881,1211.5674891711437,1567.686937077343,0.03443337164623312,0.13897143
H169N.mp3,-4951.236745494694,3953.282,-54.942673,1350.611025762878,1726.7392908471254,0.050752792954868516,0.26312968
H91N.mp3,-4370.328778545123,3653.458,39.202667,717.5299194707858,841.081103250853,0.03479463730454869,0.18454078
H123N.mp3,-5128.062500822858,3983.561,1.2619957,2167.247990027442,1932.8413094774764,0.11637196273098792,0.10614207
H335N.mp3,-4861.097137759008,3995.9392,2.6221004,1503.0663841369237,1825.4126334196267,0.057730321606254444,0.10227283
H107N.mp3,-4662.895262556686,2978.846,-2.1424263,991.9962624928493,1254.2140035832654,0.03261073260927505,0.35326427
H265N.mp3,-7668.617098247738,4000.4102,-8.9430275,1854.900043328127,1607.0167544912983,0.10355969871624023,0.10826754
H396N.mp3,-4804.571822072689,3994.7253,-3.5235767,1798.2674403561393,1661.7191722562316,0.0959092650586354,0.18175894
H163N.mp3,-5712.437990479583,3953.8809,5.04071,1538.7772102420422,1460.097487515319,0.08793955723614072,0.11516423
H435N.mp3,-6752.657618668598,3999.632,1.0774068,2033.8684627246084,1830.7895269109622,0.12537445306947406,0.3105899
H108N.mp3,-4209.759676977232,3996.0227,4.3657856,1954.2165472237095,2007.9900941018536,0.08597983853056147,0.14850996
H370N.mp3,-5604.791166956411,3977.5093,-58.53013,1635.1407688096333,1961.8737084213642,0.06204191098081024,0.21313186
H433N.mp3,-6419.853133895919,3924.617,42.704483,880.9300987161511,1148.111452455893,0.0379863378420398,0.15637504
H416N.mp3,-4732.224795848022,3998.9358,-1.0955466,1847.0081528675476,1870.7525557121983,0.08541104466506752,0.16724902
H172N.mp3,-4679.21734884888,3996.6045,9.480842,1990.6957487217012,1939.1886470995025,0.09039970349147121,0.15314782
H329N.mp3,-6597.068590127659,3841.929,-2.712054,1194.412411528773,1475.1904608481057,0.05409059612651031,0.25152266
H445N.mp3,-5640.012968551078,3984.2395,7.139361,1327.107868050977,1549.46887644301,0.05710149031627577,0.18128966
H98N.mp3,-5016.037193415195,4000.8823,7.244462,2142.4623780536554,1962.8609206726924,0.11978194962686567,0.06908245
H315N.mp3,-6428.169185775605,3993.0818,-20.732262,1138.9863329382802,1346.0515193842969,0.051467689454513146,0.13096589
H86N.mp3,-4783.823914354378,4000.9573,2.0197823,1660.3628935500058,2055.089806823199,0.048011199582444916,0.10807553
H271N.mp3,-5949.643163792052,4001.922,6.172731,1695.4880157603507,1783.7639356434163,0.08505290234097371,0.22819526
H362N.mp3,-3796.4318236819436,4000.6865,0.050698467,1523.8724050187657,1269.6476477517745,0.09257527929548685,0.12651399
H444N.mp3,-8470.210994429151,2367.1104,77.85683,409.9151788788496,675.3897687554477,0.022392571184257287,0.071348675
H413N.mp3,-4799.584393841531,3983.0999,1.0180767,1830.8992451388422,1855.5491493079003,0.08584588219616204,0.23025103
H150N.mp3,-5656.698110108782,3995.3071,3.901053,1367.6303955435558,1464.1315701673643,0.05962063288468372,0.4187578
H309N.mp3,-4539.594617846896,4001.5493,67.87625,2130.227923480746,2113.0786235877913,0.07800492515103057,0.20888811
H250N.mp3,-4599.646845269501,3994.7556,2.9076116,1629.5235561120342,1922.1041883765938,0.06535715673862828,0.13344257
H71N.mp3,-4244.825630865469,3970.092,1.2539644,2116.0565534863094,1986.1660252196493,0.10642796064321251,0.22345613
H336N.mp3,-4835.357543332882,3935.1655,2.3574364,1661.7809477253807,1644.4752595776106,0.08776916200248756,0.1654364
H203N.mp3,-6326.9701598925185,3960.4277,17.78716,820.3906716658746,937.1382907880242,0.03727421763948117,0.051707145
H79N.mp3,-4307.707232228278,3824.2542,-7.3759665,2006.3801304836609,1614.9841824869848,0.1277242415156361,0.17770074
H146N.mp3,-4465.26297359534,4001.744,2.0139682,1786.3507336479074,1828.1271255107122,0.0850556786380597,0.28891551
H249N.mp3,-5516.344427981062,3999.6375,5.7267337,2097.43230289977,1778.537456453014,0.11704625588574982,0.1053939
H291N.mp3,-5746.262234539226,3265.845,7.9389873,985.8088447792908,1364.257566334272,0.03807517934879175,0.15806147
H455N.mp3,-7820.534169008247,3985.7983,3.7718532,1491.0382492719325,1277.9066141680805,0.09569097870024876,0.19149642
H201N.mp3,-5528.709583668893,1487.3674,-5.7919245,654.8456518723655,604.6189500887263,0.05052513659381663,0.10267577
H338N.mp3,-5941.0008352793,4000.666,1.8191581,1585.3390430823863,1833.759488456005,0.05943392690565032,0.25403482
H301N.mp3,-5869.285392993366,3187.3967,16.251226,522.0602457064263,710.9709153436926,0.02657888015280739,0.118460685
H9N.mp3,-4822.777336297672,3575.2002,22.886145,1013.2539390937512,1289.549178980299,0.03913850113272921,0.11345811
H50N.mp3,-4798.788029815197,4001.6128,-4.3603897,2896.703248150217,1846.562082822252,0.19460454424307036,0.14198548
H324N.mp3,-7158.279659409675,3990.349,1.636423,1659.740800490853,2007.7180991575744,0.06966145833333333,0.1476895
H55N.mp3,-4957.912376678799,3986.6257,6.2275047,1813.3338001006682,1871.6176747066627,0.09086959177327647,0.21528248
H419N.mp3,-4861.333536651855,3975.795,-23.78687,1553.0741522989554,1687.9636701758452,0.07164165222992182,0.11639331
H373N.mp3,-4999.438905803216,4000.0803,6.7815585,1702.3816853066048,1617.0332261406309,0.08950608286691543,0.24878971
H195N.mp3,-6866.6813928757165,3845.107,-117.1589,1076.3752043333072,1091.5215528658323,0.059576559168443496,0.07506381
H326N.mp3,-6612.5698877844,3884.99,-12.237659,589.201439374239,928.206773205068,0.023856373822850035,0.15111499
H281N.mp3,-5375.961442308428,4001.94,-74.89711,1315.7325157134173,1509.5859060306261,0.043854388770433544,0.16789052
H344N.mp3,-8874.902932493234,4000.7583,2.1713536,1907.292484435842,1525.3395823733524,0.12226361218461265,0.10975981
H320N.mp3,-5518.155328811578,3942.5847,6.9920216,913.1360663135104,1271.160267242125,0.037903395966595595,0.17736664
H113N.mp3,-5494.193170762516,3995.5195,11.412978,1279.2893132695774,1396.7619783263615,0.06623203735785359,0.19405879
H127N.mp3,-4597.448602604101,3958.2944,3.1482432,1787.589552090734,1903.881708916257,0.07083722014925373,0.13641247
H45N.mp3,-5833.312337085873,4001.1528,-6.67343,1934.173138882463,1905.5985863143064,0.08551203247157071,0.30066463
H100N.mp3,-4148.770561032558,4001.2312,-0.23461908,1464.9832229132612,1506.0161802304392,0.07353578091684435,0.099537775
H442N.mp3,-4788.40975310036,3974.428,-5.6388693,1534.334879441386,1779.4276456241803,0.06357095660092395,0.15933233
H102N.mp3,-5171.449141842197,3932.2695,45.046974,953.983687001023,1230.7948114071594,0.04205048973880597,0.13190058
H448N.mp3,-4552.36420931139,3999.5708,-125.81764,1494.2475543438882,1477.6826221718543,0.08195108442164178,0.14012161
H382N.mp3,-4471.8329913962425,4001.8044,58.169064,2079.9768411488344,1800.4112840926973,0.12798798973880596,0.08085482
H35N.mp3,-5151.592983761477,3947.4646,1.9035658,928.31010617353,1291.1840457354544,0.03960422496890547,0.1491834
H308N.mp3,-5356.916892454122,3971.7102,-15.050425,2040.3667932240267,1968.6843568895042,0.11260313943674485,0.10216422
H52N.mp3,-5851.937605364208,3260.2383,-7.610185,994.2660060010201,1536.955679138221,0.02724241515636105,0.17016903
H62N.mp3,-4744.42137317779,3960.6992,2.8512902,1751.4664566358792,1965.8834932488544,0.06914263781538735,0.29116252
H345N.mp3,-4684.7104941564285,3974.674,-7.3080955,2383.3658235104517,2327.4194990186397,0.1487376871224236,0.10883627
H380N.mp3,-4662.456742226103,3906.6975,-0.84774315,1530.3832627997729,1849.2405165770542,0.056984538801528074,0.22836883
H202N.mp3,-8892.53843389026,3998.5847,22.331892,983.5324336878637,984.1281258231744,0.05603816853233831,0.043002818
H19N.mp3,-4236.072783477755,4001.1782,12.198317,1693.22715924504,1685.9759224375343,0.0880988472814499,0.1578945
H384N.mp3,-5109.0479084144245,1957.6838,-10.8597,587.2825169566817,956.9528658192789,0.026016332955756928,0.22360258
H56N.mp3,-4815.107908954327,3993.4214,-4.0356045,1823.4774058823664,1862.8384838019588,0.08394932424928926,0.22191456
H44N.mp3,-4993.832183474119,3998.6482,1.5860809,1659.5590103888685,1850.3615346771835,0.0681650342039801,0.24670795
H372N.mp3,-5107.733583274587,4001.3545,-1.3986374,1458.001489372054,1630.7799241767418,0.0699120191453447,0.14887238
H58N.mp3,-4104.839400100861,3329.1736,-17.16706,1497.2168798960074,1963.7678164292045,0.05231064265724947,0.1626074
H432N.mp3,-4774.642209345182,3996.376,2.4934845,1762.1674227986045,1773.822864206343,0.08417351023898366,0.061798465
H386N.mp3,-5354.290212055129,4000.7747,14.496784,2442.4873113155327,2050.2333451910004,0.1340843911025231,0.24602942
H379N.mp3,-5156.884519156855,3996.4138,21.0796,1598.1752144730956,1805.3278084067028,0.060757179504264396,0.21414043
H80N.mp3,-5354.037959377941,3996.9148,0.11028018,2049.1655022230275,2051.1514893413873,0.09719122023809523,0.26365286
H310N.mp3,-7497.717473875054,3951.0217,2.6572173,821.825300243945,1210.5032342037355,0.029626907316098083,0.06268901
H166N.mp3,-4354.365018421284,4000.6113,7.14845,2402.3715507159704,2222.956051449198,0.11998982487117982,0.2499839
H174N.mp3,-3992.806870827358,3940.0205,2.4172733,2108.2224095323445,2278.9671573976634,0.07901688543887704,0.25286075
H179N.mp3,-5289.264441358584,3959.3345,3.6264663,1231.5553461979193,1333.4650458732638,0.05516398198738451,0.23947649
H207N.mp3,-5796.796076938472,3975.102,4.562902,2054.18084532054,1828.75400755058,0.11068714741027008,0.15837753
H400N.mp3,-5767.555321844121,3618.5298,-53.299046,928.277637933711,1459.8389624737488,0.03032965751599147,0.18537694
H456N.mp3,-5522.842660850865,3997.1345,5.4319706,1111.1342183822953,1583.5768763858553,0.035750724613539446,0.25584605
H303N.mp3,-5259.4823883200825,3999.5842,-7.5542526,2073.2960598709788,1920.17602739578,0.11186603256041222,0.1446096
H46N.mp3,-4358.579665288698,4001.2783,-5.2256026,2113.267557684769,2284.5917561571523,0.09328774653518124,0.21799402
H287N.mp3,-5582.663688498491,3962.175,0.25108525,1362.0759513694873,1606.0275032425463,0.051821667332977966,0.24429753
H366N.mp3,-4279.660360464096,2998.7637,-0.04927756,1074.0020089913946,1500.7645891323925,0.03682411047441365,0.18656643
H178N.mp3,-6300.2676141187885,2742.5188,-0.47683024,922.4962817724775,1019.1168818791664,0.05035057691453447,0.15812513
H450N.mp3,-4749.988681653263,3997.6812,-11.539299,1398.5425394625047,1437.535660598059,0.0751082061789268,0.113816015
H168N.mp3,-5415.844318678179,2977.3435,12.493801,819.7848932942059,1267.0557666932398,0.02904110863095238,0.14144361
H364N.mp3,-7029.306946236997,4001.5344,-56.180073,888.5325649871485,1101.8323132081287,0.03772397776741294,0.10681315
H348N.mp3,-5038.108177656259,3999.5408,-25.444433,1814.933733555726,2049.6095049958585,0.07427254075604123,0.23064718
H222N.mp3,-4885.773771720327,3957.0005,7.435469,1895.9774277659553,1793.4471808019139,0.09500315109719261,0.2275121
H116N.mp3,-6164.076642236696,3998.611,6.2554383,1591.7837151754059,1489.6963292760781,0.09438021943852168,0.16968799
H234N.mp3,0.0,3625.3167,-8.832183,1175.6018392362132,1226.926341287813,0.05841606698649609,0.18716754
H300N.mp3,-5141.50624598562,4000.2256,127.599335,2169.253014493053,1687.3421756008906,0.13635852545309168,0.088697635
H389N.mp3,-5320.176578031896,4001.7913,0.34428477,2803.8615786451,2268.8830507572948,0.1796253803527008,0.09243774
H75N.mp3,-3832.854371400405,3937.1135,-4.125573,1160.9194120901343,1323.6204172226694,0.05600589407871358,0.18229844
H49N.mp3,-5307.410027689375,3982.0889,21.851828,1656.708030335063,1724.7161428602406,0.08958173696250889,0.1060917
H235N.mp3,-4421.996752573512,4001.6611,4.6510444,2276.1610944770096,2131.525766657895,0.11181883550995025,0.26332745
H197N.mp3,-4997.488917872277,3993.6787,-2.8674042,1839.9488916513951,2036.9547062156453,0.06550707678127221,0.3162644
H182N.mp3,-3867.199651458322,3963.1858,-12.533254,1551.225129873504,1546.300754835092,0.0762603694696162,0.18779176
H215N.mp3,-6642.860053581122,4001.9438,0.48724028,2246.9558047106552,1848.5622349967812,0.15636452225479744,0.16933686
H398N.mp3,-4882.721223091767,3931.6646,18.507086,1518.8503895068764,1525.4503029446566,0.0608283221170931,0.22012515
H323N.mp3,-6200.817465273756,3995.4983,1.8322265,891.5957541482338,1121.5978107381793,0.03835107387171286,0.13672936
H282N.mp3,-5928.727425405306,3986.666,12.817949,1227.9497877817746,1423.4408137570413,0.056266171930525945,0.14329359
H425N.mp3,-3961.630622706351,3549.754,27.983099,1557.9692375702803,1889.184332140985,0.051082825270966595,0.3377642
H330N.mp3,-4658.467311542563,3847.4495,20.293743,1244.0431876811156,1505.1942835525658,0.05191293809968017,0.29420847
H428N.mp3,-5161.375013501373,2218.7373,-21.269724,425.2511394390069,474.06145379082506,0.026120791133617625,0.13463055
H243N.mp3,-5077.446002310041,3999.2388,-8.288933,1733.2223109331435,1825.0479944692138,0.06599813432835822,0.2875843
H31N.mp3,-5576.648180651653,3968.674,-6.5017896,1877.8442076923602,1868.1535241773356,0.09020015713841507,0.32054177
H280N.mp3,-5139.857900145289,4001.6155,68.834496,1970.8449034294154,1995.9882749995359,0.10534624589108031,0.20859157
H254N.mp3,-4961.197801094889,4001.7634,10.375724,2094.5417847640174,1989.6173441054157,0.1136685434434968,0.1483035
H232N.mp3,-4640.691338796606,4001.927,-5.5602665,2862.5235139304236,2487.597280247301,0.1505995413557214,0.18972187
H90N.mp3,-4145.455237738705,3891.4055,-5.209463,1497.0172422094279,1781.4458101816822,0.06684386382818053,0.14822842
H57N.mp3,-5286.097290421263,3962.703,0.10027816,1536.7912319132936,1760.1636880313642,0.05628421786158493,0.19737752
H158N.mp3,-5524.869165427833,3984.1777,8.243317,1433.1262180301687,1557.498898016647,0.07338377865138593,0.13056938
H332N.mp3,-4047.4794099313385,3634.9841,12.393868,1947.7264284245457,2258.705220911274,0.06530232487117982,0.04134993
H118N.mp3,-5272.185873935358,2978.0183,-254.71686,1055.6742423438852,1355.182002471734,0.048473106010127935,0.20385972
H452N.mp3,-4215.71709159304,4001.2568,1.36828,2691.133445429114,2381.835997091351,0.174310853655828,0.22975437
H189N.mp3,-5003.854809603128,3974.9778,-4.6809688,1483.9412908785384,1682.5859851170294,0.07396645400230988,0.18157794
H183N.mp3,-8999.15091540511,3014.7737,4.985452,1005.0949395796104,1388.3016431769088,0.03506810256751954,0.10604116
H247N.mp3,-7535.848298437833,3990.9424,-35.249393,2409.130831936816,2111.5288606858867,0.1316617248578536,0.09243156
H130N.mp3,-5382.497897374343,4001.4568,-0.47463405,1829.8843231228257,1623.7182074489929,0.12117252742981521,0.16788839
H262N.mp3,-5279.3279647392665,4001.8303,-27.17121,1550.3063091026943,1813.6078439647652,0.06425774309257284,0.16259044
H253N.mp3,-5593.02226959441,3983.305,-0.6042137,1485.6258487234863,1602.3670290229616,0.08195004331023455,0.1425617
H358N.mp3,-5833.715853606436,3374.0862,0.3391342,1380.6300834947644,1545.8210632837406,0.06458846948294243,0.38598955
H238N.mp3,-4939.429798471094,3997.431,-0.13906868,1511.7059844432235,1567.4484634177936,0.0754684307258351,0.15896021
H378N.mp3,-4563.556846971207,3821.9658,7.7899947,1219.0493714442723,1307.494934052054,0.06257877742981521,0.16488509
H81N.mp3,-5066.827218149667,1486.1285,7.259594,829.626521468832,1110.2890016023734,0.044881618692253024,0.16409713
H405N.mp3,-4387.466523168763,4001.9297,9.545904,2075.6860522331845,1926.6524986207833,0.09546852789623313,0.09839882
H266N.mp3,-4014.87332059593,3989.8696,10.710138,1508.808537270201,1802.7580593414882,0.05619884672619048,0.33652228
H213N.mp3,-4468.88037312775,4001.6516,-8.882821,1663.988280529108,1296.0684173056372,0.1109311145167022,0.06612561
H421N.mp3,-8061.516647052102,3999.8613,,1394.7783020764577,1394.8660277359893,0.07072963863717129,0.053246286
H190N.mp3,-5415.033337188468,3989.7039,-11.912719,1806.6406471551625,1939.387735385048,0.08705877698560767,0.2560258
